Station,Train_MAE,Train_MSE,Test_MAE,Test_MSE
Anchieta Centro,0.34347882366593285,1.3174027176314147,0.4334345534011559,1.371147325383454
