Station,Train_MAE,Train_MSE,Test_MAE,Test_MSE
Carapina,0.3345991488109574,0.6199484028788795,0.4332298655755125,0.6983617784909693
