Station,Train_MAE,Train_MSE,Test_MAE,Test_MSE
Cariacica,0.49959467863637985,1.520739801016168,0.4217996466534034,1.1182961679101504
