Station,Train_MAE,Train_MSE,Test_MAE,Test_MSE
Cidade Continental,0.4550404523955719,1.614570243867584,0.5241090740079365,2.5457475403682532
