Station,Train_MAE,Train_MSE,Test_MAE,Test_MSE
Enseada do Sua,0.311607385752764,0.7085014278641906,0.389823479499877,0.576795708755181
