Station,Train_MAE,Train_MSE,Test_MAE,Test_MSE
Jardim Camburi,0.2530470830334603,0.46684906133803994,0.2640949149019608,0.4174928427738541
