Station,Train_MAE,Train_MSE,Test_MAE,Test_MSE
Laranjeiras,0.6321241642807707,2.7693152326589954,0.43463860756614664,1.6231558919257327
