Station,Train_MAE,Train_MSE,Test_MAE,Test_MSE
Mae-Ba,0.4332327080930475,1.5871834400559175,0.4406068429756354,2.3034617789107235
