Station,Train_MAE,Train_MSE,Test_MAE,Test_MSE
Meaipe,0.3630662639722799,1.3053479709099267,0.4034609404936205,1.6348289956423327
