Station,Train_MAE,Train_MSE,Test_MAE,Test_MSE
Ubu,0.4126102044232918,1.8323985920838408,0.4205319138095237,1.4323105888867327
