Station,Train_MAE,Train_MSE,Test_MAE,Test_MSE
Vila Velha-IBES,0.37799106485053524,0.88785110194121,0.46039713741789307,0.9190261848431879
