Station,Train_MAE,Train_MSE,Test_MAE,Test_MSE
Vila Velha-Centro,0.3308563673424968,0.5990735680611571,0.3364029420895528,0.6547988936512833
