Station,Train_MAE,Train_MSE,Test_MAE,Test_MSE
Vitoria-Centro,0.30343063569148815,0.772516508136214,0.34744174508040276,0.8846878328138362
