Station,Train_MAE,Train_MSE,Test_MAE,Test_MSE
Anchieta Centro,0.26914575486752373,0.9437402359036391,0.46428448143658807,1.3544180955732208
