Station,Train_MAE,Train_MSE,Test_MAE,Test_MSE
Carapina,0.27999963280962803,0.21877349774416735,0.5760786598408025,0.9672194072585238
