Station,Train_MAE,Train_MSE,Test_MAE,Test_MSE
Cariacica,0.42749341648983635,0.4058246565518498,0.9869001811614798,2.4132375327842093
