Station,Train_MAE,Train_MSE,Test_MAE,Test_MSE
Cidade Continental,0.2495944721005459,0.5203736055104378,1.0619447619047622,5.921077035498891
