Station,Train_MAE,Train_MSE,Test_MAE,Test_MSE
Enseada do Sua,0.22761351881221656,0.3345526188760199,0.5718947779698851,0.8383837669572417
