Station,Train_MAE,Train_MSE,Test_MAE,Test_MSE
Jardim Camburi,0.13142081943301384,0.1491556650976097,0.4113616889760348,0.550330922430374
