Station,Train_MAE,Train_MSE,Test_MAE,Test_MSE
Laranjeiras,0.3927768391403351,0.6910062550794399,0.7073486472084118,2.1485128307416126
