Station,Train_MAE,Train_MSE,Test_MAE,Test_MSE
Mae-Ba,0.2645431979790032,0.5965720273195187,1.6950502246630381,10.756898390705489
