Station,Train_MAE,Train_MSE,Test_MAE,Test_MSE
Meaipe,0.2450911659161065,0.6083814498084387,0.8261830677682492,5.050970307082798
