Station,Train_MAE,Train_MSE,Test_MAE,Test_MSE
Ubu,0.2840230585842466,0.8825083672747952,0.6878843426455026,1.8827122975864614
