Station,Train_MAE,Train_MSE,Test_MAE,Test_MSE
Vila Velha-Centro,0.28822221841925766,0.1879785874450935,0.7082908417302244,1.2803708053265532
