Station,Train_MAE,Train_MSE,Test_MAE,Test_MSE
Vila Velha-IBES,0.30285940037027775,0.6489331624663012,0.49494127728254744,0.9393680901719715
