Station,Train_MAE,Train_MSE,Test_MAE,Test_MSE
Vitoria-Centro,0.17996230989634057,0.23351345182145344,0.42682193534564544,0.9384378129322042
