station,train_MAE,train_MSE,test_MAE,test_MSE
,0.43493565629537845,1.6175721322363212,0.4427341237242192,1.3832139198211597
