station,train_MAE,train_MSE,test_MAE,test_MSE
,0.43493565629537845,1.6175721322363212,0.4427341237242192,1.3832139198211597
,0.38277543986680534,0.7594669959959327,0.4004038041874568,0.6093722358407041
,0.5659214100205499,1.6443766026369304,0.4826119545279603,1.2240751991352057
